<?xml version="1.0" encoding="utf-8"?>
<manifest identifier="HEZMdLIHSs8Nl" xmlns="http://www.imsproject.org/xsd/imscp_rootv1p1p2" xmlns:adlcp="http://www.adlnet.org/xsd/adlcp_rootv1p2" xmlns:xsi="http://www.w3.org/2001/XMLSchema-instance" xmlns:lom="http://www.imsglobal.org/xsd/imsmd_rootv1p2p1" xsi:schemaLocation="http://www.imsproject.org/xsd/imscp_rootv1p1p2 imscp_rootv1p1p2.xsd http://www.imsglobal.org/xsd/imsmd_rootv1p2p1 imsmd_rootv1p2p1.xsd http://www.adlnet.org/xsd/adlcp_rootv1p2 adlcp_rootv1p2.xsd">
<metadata>
<schema>ADL SCORM</schema>
<schemaversion>1.2</schemaversion>
<lom:lom>
<lom:general>
<lom:title>
<lom:langstring>[SDI] História - A economia e o trabalho no Segundo Reinado</lom:langstring>
</lom:title>
</lom:general>
<lom:educational>
<lom:typicallearningtime>
<lom:datetime>01:00:00</lom:datetime>
</lom:typicallearningtime>
</lom:educational>
</lom:lom>
</metadata>
<organizations default="HEZMdLIHSs8Nl_organization">
<organization identifier="HEZMdLIHSs8Nl_organization">
<title>[SDI] História - A economia e o trabalho no Segundo Reinado</title>
<item identifier="DBB747EC-8A2A-41BA-B683-7993FBC7E5EA" identifierref="resource">
<title>[SDI] História - A economia e o trabalho no Segundo Reinado</title>
</item>
</organization>
</organizations>
<resources>
<resource identifier="resource" type="webcontent" adlcp:scormtype="sco" href="res/index.html">
<file href="res/index.html"/>
<file href="res/lms.js"/>
<file href="res/data/thmb1.jpg"/>
<file href="res/data/slide1.js"/>
<file href="res/data/slide1.css"/>
<file href="res/data/thmb2.jpg"/>
<file href="res/data/slide2.js"/>
<file href="res/data/slide2.css"/>
<file href="res/data/thmb3.png"/>
<file href="res/data/slide3.js"/>
<file href="res/data/slide3.css"/>
<file href="res/data/thmb4.png"/>
<file href="res/data/slide4.js"/>
<file href="res/data/slide4.css"/>
<file href="res/data/thmb5.png"/>
<file href="res/data/quiz1.js"/>
<file href="res/data/quiz1/fonts/fnt0.woff"/>
<file href="res/data/quiz1/fonts/fnt1.woff"/>
<file href="res/data/quiz1/fonts/fnt2.woff"/>
<file href="res/data/quiz1/images/img-e51b2a3da1bbe3051c3d9fba8ea3f74a7f574d60.jpg"/>
<file href="res/data/quiz1/images/quiz_bg_0.png"/>
<file href="res/data/thmb6.png"/>
<file href="res/data/slide6.js"/>
<file href="res/data/slide6.css"/>
<file href="res/data/thmb7.png"/>
<file href="res/data/slide7.js"/>
<file href="res/data/slide7.css"/>
<file href="res/data/thmb8.png"/>
<file href="res/data/slide8.js"/>
<file href="res/data/slide8.css"/>
<file href="res/data/thmb9.png"/>
<file href="res/data/intr1.js"/>
<file href="res/data/intr1/fonts/fnt0.woff"/>
<file href="res/data/intr1/fonts/fnt1.woff"/>
<file href="res/data/intr1/fonts/fnt2.woff"/>
<file href="res/data/intr1/images/img-05c34b127cda25b1285b675d9f5babded1591cd9.png"/>
<file href="res/data/intr1/images/interaction_bg_0.png"/>
<file href="res/data/thmb10.jpg"/>
<file href="res/data/quiz2.js"/>
<file href="res/data/quiz2/fonts/fnt0.woff"/>
<file href="res/data/quiz2/fonts/fnt1.woff"/>
<file href="res/data/quiz2/fonts/fnt2.woff"/>
<file href="res/data/quiz2/images/img-663495b46c54199487f80df719f2a3a0b1869610.jpg"/>
<file href="res/data/quiz2/images/img-cfce5a1386522e3072f11e7f2e8b7e7a7a1ac8b7.jpg"/>
<file href="res/data/quiz2/images/quiz_bg_1.jpg"/>
<file href="res/data/thmb11.png"/>
<file href="res/data/slide11.js"/>
<file href="res/data/slide11.css"/>
<file href="res/data/thmb12.jpg"/>
<file href="res/data/slide12.js"/>
<file href="res/data/slide12.css"/>
<file href="res/data/thmb13.png"/>
<file href="res/data/slide13.js"/>
<file href="res/data/slide13.css"/>
<file href="res/data/thmb14.png"/>
<file href="res/data/slide14.js"/>
<file href="res/data/slide14.css"/>
<file href="res/data/thmb15.png"/>
<file href="res/data/quiz3.js"/>
<file href="res/data/quiz3/fonts/fnt0.woff"/>
<file href="res/data/quiz3/fonts/fnt1.woff"/>
<file href="res/data/quiz3/images/img-1d06d2e59db21a9614a315c9913c25f1278619ab.jpg"/>
<file href="res/data/quiz3/images/img-e51b2a3da1bbe3051c3d9fba8ea3f74a7f574d60.jpg"/>
<file href="res/data/quiz3/images/quiz_bg_0.png"/>
<file href="res/data/thmb16.jpg"/>
<file href="res/data/quiz4.js"/>
<file href="res/data/quiz4/fonts/fnt0.woff"/>
<file href="res/data/quiz4/fonts/fnt1.woff"/>
<file href="res/data/quiz4/fonts/fnt2.woff"/>
<file href="res/data/quiz4/images/img-663495b46c54199487f80df719f2a3a0b1869610.jpg"/>
<file href="res/data/quiz4/images/img-cfce5a1386522e3072f11e7f2e8b7e7a7a1ac8b7.jpg"/>
<file href="res/data/quiz4/images/quiz_bg_1.jpg"/>
<file href="res/data/thmb17.png"/>
<file href="res/data/slide17.js"/>
<file href="res/data/slide17.css"/>
<file href="res/data/thmb18.jpg"/>
<file href="res/data/slide18.js"/>
<file href="res/data/slide18.css"/>
<file href="res/data/thmb19.png"/>
<file href="res/data/slide19.js"/>
<file href="res/data/slide19.css"/>
<file href="res/data/thmb20.png"/>
<file href="res/data/slide20.js"/>
<file href="res/data/slide20.css"/>
<file href="res/data/thmb21.png"/>
<file href="res/data/quiz5.js"/>
<file href="res/data/quiz5/fonts/fnt0.woff"/>
<file href="res/data/quiz5/fonts/fnt1.woff"/>
<file href="res/data/quiz5/images/img-e51b2a3da1bbe3051c3d9fba8ea3f74a7f574d60.jpg"/>
<file href="res/data/quiz5/images/quiz_bg_0.png"/>
<file href="res/data/thmb22.jpg"/>
<file href="res/data/quiz6.js"/>
<file href="res/data/quiz6/fonts/fnt0.woff"/>
<file href="res/data/quiz6/fonts/fnt1.woff"/>
<file href="res/data/quiz6/fonts/fnt2.woff"/>
<file href="res/data/quiz6/fonts/fnt3.woff"/>
<file href="res/data/quiz6/images/img-663495b46c54199487f80df719f2a3a0b1869610.jpg"/>
<file href="res/data/quiz6/images/img-cfce5a1386522e3072f11e7f2e8b7e7a7a1ac8b7.jpg"/>
<file href="res/data/quiz6/images/quiz_bg_1.jpg"/>
<file href="res/data/thmb23.png"/>
<file href="res/data/slide23.js"/>
<file href="res/data/slide23.css"/>
<file href="res/data/thmb24.jpg"/>
<file href="res/data/slide24.js"/>
<file href="res/data/slide24.css"/>
<file href="res/data/thmb25.png"/>
<file href="res/data/slide25.js"/>
<file href="res/data/slide25.css"/>
<file href="res/data/thmb26.png"/>
<file href="res/data/intr2.js"/>
<file href="res/data/intr2/fonts/fnt0.woff"/>
<file href="res/data/intr2/fonts/fnt1.woff"/>
<file href="res/data/intr2/images/img-0dbf7109ee6c0fcfc7e5354526ef2f45aae0b258.jpg"/>
<file href="res/data/intr2/images/img-5f1579ceb1ba8420e5d910e8692c6af8b04f71da.jpg"/>
<file href="res/data/intr2/images/img-73de43fad0a34f3afb1eb694fe8963e600a4aeb5.jpg"/>
<file href="res/data/intr2/images/img-75236dbd163155dd36ecd54f08437dacf10d5419.jpg"/>
<file href="res/data/intr2/images/img-7fd4d81315de5cafd5bdc1625f772cedc7654e5d.jpg"/>
<file href="res/data/intr2/images/img-b09f974c8900c7d3f25226a55b3aeea392c30ee7.jpg"/>
<file href="res/data/intr2/images/img-c25301dfc3a7ccebc400c3b193bfb728de4b4c60.jpg"/>
<file href="res/data/intr2/images/img-e58f234946a7ea94999a62c4f0b71fb19676a5e6.jpg"/>
<file href="res/data/intr2/images/interaction_bg_0.png"/>
<file href="res/data/thmb27.jpg"/>
<file href="res/data/quiz7.js"/>
<file href="res/data/quiz7/fonts/fnt0.woff"/>
<file href="res/data/quiz7/fonts/fnt1.woff"/>
<file href="res/data/quiz7/fonts/fnt2.woff"/>
<file href="res/data/quiz7/fonts/fnt3.woff"/>
<file href="res/data/quiz7/fonts/fnt4.woff"/>
<file href="res/data/quiz7/images/img-663495b46c54199487f80df719f2a3a0b1869610.jpg"/>
<file href="res/data/quiz7/images/img-cfce5a1386522e3072f11e7f2e8b7e7a7a1ac8b7.jpg"/>
<file href="res/data/quiz7/images/quiz_bg_1.jpg"/>
<file href="res/data/thmb28.png"/>
<file href="res/data/slide28.js"/>
<file href="res/data/slide28.css"/>
<file href="res/data/thmb29.jpg"/>
<file href="res/data/slide29.js"/>
<file href="res/data/slide29.css"/>
<file href="res/data/thmb30.png"/>
<file href="res/data/slide30.js"/>
<file href="res/data/slide30.css"/>
<file href="res/data/thmb31.png"/>
<file href="res/data/quiz8.js"/>
<file href="res/data/quiz8/fonts/fnt0.woff"/>
<file href="res/data/quiz8/fonts/fnt1.woff"/>
<file href="res/data/quiz8/images/img-e51b2a3da1bbe3051c3d9fba8ea3f74a7f574d60.jpg"/>
<file href="res/data/quiz8/images/quiz_bg_0.png"/>
<file href="res/data/thmb32.png"/>
<file href="res/data/slide32.js"/>
<file href="res/data/slide32.css"/>
<file href="res/data/thmb33.jpg"/>
<file href="res/data/quiz9.js"/>
<file href="res/data/quiz9/fonts/fnt0.woff"/>
<file href="res/data/quiz9/fonts/fnt1.woff"/>
<file href="res/data/quiz9/fonts/fnt2.woff"/>
<file href="res/data/quiz9/images/img-0c1acf7a758c0538ab7e08187574c56c814f5b8f.jpg"/>
<file href="res/data/quiz9/images/img-663495b46c54199487f80df719f2a3a0b1869610.jpg"/>
<file href="res/data/quiz9/images/img-6d772e4426a376cb0bc12500211223a66af90bda.jpg"/>
<file href="res/data/quiz9/images/quiz_bg_1.jpg"/>
<file href="res/data/thmb34.png"/>
<file href="res/data/slide34.js"/>
<file href="res/data/slide34.css"/>
<file href="res/data/quizplayer.js"/>
<file href="res/data/intplayer1.js"/>
<file href="res/data/intplayer2.js"/>
<file href="res/index.html"/>
<file href="res/data/player.js"/>
<file href="res/data/eraser.cur"/>
<file href="res/data/highlighter.cur"/>
<file href="res/data/marker.cur"/>
<file href="res/data/lock.cur"/>
<file href="res/data/browsersupport.js"/>
<file href="res/data/apple-touch-icon.png"/>
<file href="res/data/favicon.ico"/>
<file href="res/data/fnt0.woff"/>
<file href="res/data/fnt1.woff"/>
<file href="res/data/fnt10.woff"/>
<file href="res/data/fnt11.woff"/>
<file href="res/data/fnt12.woff"/>
<file href="res/data/fnt13.woff"/>
<file href="res/data/fnt14.woff"/>
<file href="res/data/fnt15.woff"/>
<file href="res/data/fnt16.woff"/>
<file href="res/data/fnt2.woff"/>
<file href="res/data/fnt3.woff"/>
<file href="res/data/fnt4.woff"/>
<file href="res/data/fnt5.woff"/>
<file href="res/data/fnt6.woff"/>
<file href="res/data/fnt7.woff"/>
<file href="res/data/fnt8.woff"/>
<file href="res/data/fnt9.woff"/>
<file href="res/data/html5-unsupported.html"/>
<file href="res/data/html5.png"/>
<file href="res/data/img0.jpg"/>
<file href="res/data/img1.png"/>
<file href="res/data/img10.png"/>
<file href="res/data/img11.png"/>
<file href="res/data/img12.jpg"/>
<file href="res/data/img13.png"/>
<file href="res/data/img14.png"/>
<file href="res/data/img15.png"/>
<file href="res/data/img16.png"/>
<file href="res/data/img17.png"/>
<file href="res/data/img18.png"/>
<file href="res/data/img19.jpg"/>
<file href="res/data/img2.jpg"/>
<file href="res/data/img20.png"/>
<file href="res/data/img21.png"/>
<file href="res/data/img22.png"/>
<file href="res/data/img23.png"/>
<file href="res/data/img24.jpg"/>
<file href="res/data/img25.jpg"/>
<file href="res/data/img26.png"/>
<file href="res/data/img27.png"/>
<file href="res/data/img28.png"/>
<file href="res/data/img29.jpg"/>
<file href="res/data/img3.jpg"/>
<file href="res/data/img30.jpg"/>
<file href="res/data/img31.png"/>
<file href="res/data/img32.png"/>
<file href="res/data/img33.jpg"/>
<file href="res/data/img34.png"/>
<file href="res/data/img35.png"/>
<file href="res/data/img36.jpg"/>
<file href="res/data/img37.png"/>
<file href="res/data/img4.png"/>
<file href="res/data/img5.png"/>
<file href="res/data/img6.png"/>
<file href="res/data/img7.png"/>
<file href="res/data/img8.png"/>
<file href="res/data/img9.png"/>
</resource>
</resources>
</manifest>
